feature,importance
staff_hours,0.8997717563640848
revenue_ma_4,0.04826172011436845
revenue_lag_1,0.012883698797424679
opening_hours,0.009052403942870789
week_of_year,0.008704614665444458
weather_score,0.007681883778519704
promotion,0.005659554507722334
month,0.003984704743592267
local_event,0.0023473332106420624
year,0.0016523298753303725
